INSERT INTO 
    user (first_name, last_name, email, password)
VALUES 
    ("Shawn", "Robin", "sharob@gmail.com", "password"),
    ("Daniel", "Ryvkin", "danryv@gamil.com", "p@ssword"),
    ("Kaito", "Higashi", "kaihig@gmail.com", "passw0rd"),
    ("Shalom", "Dukhande", "shaduk@gmail.com", "PaSsWoRd"),
    ("Matthew", "Schwarz", "matsch@gmail.com", "PA55WORD"),
    ("Benjamin", "Costa", "bencos@gmail.com", "P4SSWORD"),
    ("Michael", "Grossman", "micgro@gmail.com", "GoDolphins"),
    ("Matt", "Teshome", "mattes@gmail.com", "BearsFan1234"),
    ("Jared", "Tarabocchia", "jartar@gmail.com", "hunter2"),
    ("Justin", "Jung", "jusjun@gmail.com", "password");

INSERT INTO 
    league (name, commissioner, num_teams, rec_points)
VALUES
    ("BCA Fantasy Football", 4, 10, 0.5),
    ("BCA FF", 6, 8, 1),
    ("Rutherford FF", 1, 10, 0),
    ("Mahwah FF", 2, 10, 0),
    ("Hasbrouck Heights FF", 4, 10, 0.5),
    ("Wyckoff FF", 7, 12, 1),
    ("Dumont Fantasy Football", 4, 6, 0.5),
    ("Saddle Brook FF", 8, 10, 0),
    ("Cliffside Park FF", 9, 8, 0.5),
    ("NEU Fantasy Football", 1, 10, 1);

INSERT INTO
    fantasy_team (league_id, manager, name, abbreviation)
VALUES
    (1, 1, "Team Robin", "SR"),
    (1, 2, "Watch Out For Shalmonella", "RYV"),
    (1, 3, "Team Higashi", "KH"),
    (1, 4, "Watch Out For Ryvpocks", "DUKH"),
    (1, 5, "Take Down Shalom", "SCHW"),
    (1, 6, "Team Costa", "COST"),
    (1, 7, "Team Grossman", "MG"),
    (1, 8, "Team Teshome", "TESH"),
    (1, 9, "Team JarTar", "JT"),
    (1, 10, "Team Jung", "JJ");

INSERT INTO
    `position` (abbreviation, name)
VALUES
    ("QB", "Quarterback"),
    ("RB", "Running Back"),
    ("WR", "Wide Receiver"),
    ("TE", "Tight End"),
    ("D/ST", "Defense/Special Teams"),
    ("K", "Kicker"),
    ("DL", "Defensive Line"),
    ("LB", "Linebacker"),
    ("CB", "Cornerback"),
    ("S", "Safety");

INSERT INTO
    nfl_team (abbreviation, city, name, bye_week)
VALUES
    ("Ari", "Arizona", "Cardinals", 8), 
    ("Atl", "Atlanta", "Falcons", 10), 
    ("Bal", "Baltimore", "Ravens", 7), 
    ("Buf", "Buffalo", "Bills", 11), 
    ("Car", "Carolina", "Panthers", 13), 
    ("Chi", "Chicago", "Bears", 11), 
    ("Cin", "Cincinnati", "Bengals", 9), 
    ("Cle", "Cleveland", "Browns", 9), 
    ("Dal", "Dallas", "Cowboys", 10), 
    ("Den", "Denver", "Broncos", 5), 
    ("Det", "Detroit", "Lions", 5), 
    ("GB", "Green Bay", "Packers", 5), 
    ("Hou", "Houston", "Texans", 8), 
    ("Ind", "Indianapolis", "Colts", 7), 
    ("Jax", "Jacksonville", "Jaguars", 8), 
    ("KC", "Kansas City", "Chiefs", 10), 
    ("LV", "Las Vegas", "Raiders", 6), 
    ("LAC", "Los Angeles", "Chargers", 6), 
    ("LAR", "Los Angeles", "Rams", 9), 
    ("Mia", "Miami", "Dolphins", 7), 
    ("Min", "Minnesota", "Vikings", 7), 
    ("NE", "New England", "Patriots", 5), 
    ("NO", "New Orleans", "Saints", 6), 
    ("NYJ", "New York", "Jets", 10), 
    ("NYG", "New York", "Giants", 11), 
    ("Phi", "Philadelphia", "Eagles", 9), 
    ("Pit", "Pittsburgh", "Steelers", 4), 
    ("SF", "San Francisco", "49ers", 11), 
    ("Sea", "Seattle", "Seahawks", 6), 
    ("TB", "Tamba Bay", "Buccaneers", 13), 
    ("Ten", "Tennessee", "Titans", 4), 
    ("Wsh", "Washinton", "Football Team", 8);

INSERT INTO
    player (first_name, last_name, position, nfl_team)
VALUES
    ("Christian", "McCaffrey", "RB", "Car"),
    ("Ezekiel", "Elliott", "RB", "Dal"),
    ("Saquon", "Barkley", "RB", "NYG"),
    ("Alvin", "Kamara", "RB", "NO"),
    ("Dalvin", "Cook", "RB", "Min"),
    ("Derrick", "Henry", "RB", "Ten"),
    ("Clyde", "Edwards-Helaire", "RB", "KC"),
    ("Michael", "Thomas", "WR", "NO"),
    ("Josh", "Jacobs", "RB", "LV"),
    ("Nick", "Chubb", "RB", "Cle"),
    ("DeAndre", "Hopkins", "WR", "Ari"),
    ("Kenyan", "Drake", "RB", "Ari"),
    ("Aaron", "Jones", "RB", "GB"),
    ("Miles", "Sanders", "RB", "Phi"),
    ("Devante", "Adams", "WR", "GB"),
    ("Julio", "Jones", "WR", "Atl"),
    ("Tyreek", "Hill", "WR", "KC"),
    ("Austin", "Ekeler", "RB", "LAC"),
    ("Chris", "Godwin", "WR", "TB"),
    ("Joe", "Mixon", "RB", "Cin"),
    ("Travis", "Kelce", "TE", "KC"),
    ("George", "Kittle", "TE", "SF"),
    ("Lamar", "Jackson", "QB", "Bal"),
    ("Mike", "Evans", "WR", "TB"),
    ("Patrick", "Mahomes", "QB", "KC"),
    ("Adam", "Thielen", "WR", "Min"),
    ("Odell", "Beckham Jr.", "WR", "Cle"),
    ("Dak", "Prescott", "QB", "Dal"),
    ("Kenny", "Golladay", "WR", "Det"),
    ("DJ", "Moore", "WR", "Car"),
    ("Todd", "Gurley II", "RB", "Atl"),
    ("Courtland", "Sutton", "WR", "Den"),
    ("Chris", "Carson", "RB", "Sea"),
    ("A.J.", "Brown", "WR", "Ten"),
    ("David", "Johnson", "RB", "Hou"),
    ("James", "Conner", "RB", "Pit"),
    ("Amari", "Cooper", "WR", "Dal"),
    ("Mark", "Andrews", "TE", "Bal"),
    ("Le'Veon", "Bell", "RB", "KC"),
    ("Allen", "Robinson II", "WR", "Chi"),
    ("JuJu", "Smith-Schuster", "WR", "Pit"),
    ("Tyler", "Lockett", "WR", "Sea"),
    ("Calvin", "Ridley", "WR", "Atl"),
    ("Zach", "Ertz", "TE", "Phi"),
    ("Terry", "McLaurin", "WR", "Wsh"),
    ("Robert", "Woods", "WR", "LAR"),
    ("Deshaun", "Watson", "QB", "Hou"),
    ("Melvin", "Gordon III", "RB", "Den"),
    ("Cooper", "Kupp", "WR", "LAR"),
    ("Jonathan", "Taylor", "RB", "Ind"),
    ("Jarvis", "Landry", "WR", "Cle"),
    ("Russell", "Wilson", "QB", "Sea"),
    ("Darren", "Waller", "TE", "LV"),
    ("T.Y.", "Hilton", "WR", "Ind"),
    ("Evan", "Engram", "TE", "NYG"),
    ("Devin", "Singletary", "RB", "Buf"),
    ("Cam", "Akers", "RB", "LAR"),
    ("Keenan", "Allen", "WR", "LAC"),
    ("DJ", "Chark Jr.", "WR", "Jax"),
    ("Kyler", "Murray", "QB", "Ari"),
    ("Kareem", "Hunt", "RB", "Cle"),
    ("D'Andre", "Swift", "RB", "Det"),
    ("DK", "Metcalf", "WR", "Sea"),
    ("Raheem", "Mostert", "RB", "SF"),
    ("Tyler", "Higbee", "TE", "LAR"),
    ("Tom", "Brady", "QB", "TB"),
    ("Will", "Fuller V", "WR", "Hou"),
    ("DeVante", "Parker", "WR", "Mia"),
    ("Leonard", "Fournette", "RB", "TB"),
    ("James", "White", "RB", "NE"),
    ("Jared", "Cook", "TE", "NO"),
    ("Marquise", "Brown", "WR", "Bal"),
    ("A.J.", "Green", "WR", "Cin"),
    ("Antonio", "Gibson", "RB", "Wsh"),
    ("David", "Montgomery", "RB", "Chi"),
    ("Stefon", "Diggs", "WR", "Buf"),
    ("Sterling", "Shepard", "WR", "NYG"),
    ("Tyler", "Boyd", "WR", "Cin"),
    ("Mark", "Ingram II", "RB", "Bal"),
    ("Michael", "Gallup", "WR", "Dal"),
    ("Deebo", "Samuel", "WR", "SF"),
    ("Josh", "Allen", "QB", "Buf"),
    ("Tarik", "Cohen", "RB", "Chi"),
    ("Matt", "Ryan", "QB", "Atl"),
    ("Kerryon", "Johnson", "RB", "Det"),
    ("Julian", "Edelman", "WR", "NE"),
    ("Jordan", "Howard", "RB", "Mia"),
    ("Brandin", "Cooks", "WR", "Hou"),
    ("Henry", "Ruggs III", "WR", "LV"),
    ("Marvin", "Jones Jr.", "WR", "Det"),
    ("Drew", "Brees", "QB", "NO"),
    ("Rob", "Gronkowski", "TE", "TB"),
    ("J.K.", "Dobbins", "RB", "Bal"),
    ("DeSean", "Jackson", "WR", "Phi"),
    ("Harrison", "Butker", "K", "KC"),
    ("Steelers", "D/ST", "D/ST", "Pit"),
    ("Ronald", "Jones II", "RB", "TB"),
    ("Wil", "Lutz", "K", "NO"),
    ("Jamison", "Crowder", "WR", "NYJ"),
    ("Diontae", "Johnson", "WR", "Pit"),
    ("Phillip", "Lindsay", "RB", "Den"),
    ("Hunter", "Henry", "TE", "LAC"),
    ("Patriots", "D/ST", "D/ST", "NE"),
    ("Matt", "Breida", "RB", "Mia"),
    ("Jerry", "Jeudy", "WR", "Den"),
    ("Ravens", "D/ST", "D/ST", "Bal"),
    ("Bills", "D/ST", "D/ST", "Buf"),
    ("49ers", "D/ST", "D/ST", "SF"),
    ("Noah", "Fant", "TE", "Den"),
    ("Golden", "Tate", "WR", "NYG"),
    ("Zack", "Moss", "RB", "Buf"),
    ("Preston", "Williams", "WR", "Mia"),
    ("CeeDee", "Lamb", "WR", "Dal"),
    ("Mike", "Gesicki", "TE", "Mia"),
    ("Christian", "Kirk", "WR", "Ari"),
    ("T.J.", "Hockenson", "TE", "Det"),
    ("Emmanuel", "Sanders", "WR", "NO"),
    ("Darrell", "Henderson Jr.", "RB", "LAR"),
    ("Vikings", "D/ST", "D/ST", "Min"),
    ("Darius", "Slayton", "WR", "NYG"),
    ("Robby", "Anderson", "WR", "Car"),
    ("Carson", "Wentz", "QB", "Phi"),
    ("John", "Brown", "WR", "Buf"),
    ("Colts", "D/ST", "D/ST", "Ind"),
    ("Justin", "Tucker", "K", "Bal"),
    ("Aaron", "Rodgers", "QB", "GB"),
    ("Ryan", "Succop", "K", "TB"),
    ("Matt", "Prater", "K", "Det"),
    ("Daniel", "Jones", "QB", "NYG"),
    ("Saints", "D/ST", "D/ST", "NO"),
    ("Matthew", "Stafford", "QB", "Det"),
    ("Bears", "D/ST", "D/ST", "Chi"),
    ("Hayden", "Hurst", "TE", "Atl"),
    ("Darrel", "Williams", "RB", "KC"),
    ("Marlon", "Mack", "RB", "Ind"),
    ("Cam", "Newton", "QB", "NE"),
    ("Ben", "Roethlisberger", "QB", "Pit"),
    ("Duke", "Johnson", "RB", "Hou"),
    ("Mike", "Williams", "WR", "LAC"),
    ("Tevin", "Coleman", "RB", "SF"),
    ("Broncos", "D/ST", "D/ST", "Den"),
    ("Buccaneers", "D/ST", "D/ST", "TB"),
    ("Alexander", "Mattison", "RB", "Min"),
    ("Cowboys", "D/ST", "D/ST", "Dal"),
    ("Latavius", "Murray", "RB", "NO"),
    ("Sony", "Michel", "RB", "NE"),
    ("N'Keal", "Harry", "WR", "NE"),
    ("Joe", "Burrow", "QB", "Cin"),
    ("Chris", "Thompson", "RB", "Jax"),
    ("Greg", "Zuerlein", "K", "Dal"),
    ("Mecole", "Hardman", "WR", "KC"),
    ("Ka'imi", "Fairbairn", "K", "Hou"),
    ("Jack", "Doyle", "TE", "Ind"),
    ("Justin", "Jefferson", "WR", "Min"),
    ("Titans", "D/ST", "D/ST", "Ten"),
    ("Seahawks", "D/ST", "D/ST", "Sea"),
    ("Zane", "Gonzalez", "K", "Ari"),
    ("Breshad", "Perriman", "WR", "NYJ"),
    ("Chris", "Boswell", "K", "Pit"),
    ("Robbie", "Gould", "K", "SF"),
    ("Derek", "Carr", "QB", "LV"),
    ("Eagles", "D/ST", "D/ST", "Phi"),
    ("Isaiah", "Ford", "WR", "Mia");

INSERT INTO
    roster (fantasy_team_id, player_id)
VALUES
    (1, 4),
    (1, 17),
    (1, 24),
    (1, 37),
    (1, 44),
    (1, 57),
    (1, 64),
    (1, 77),
    (1, 84),
    (1, 97),
    (1, 104),
    (1, 117),
    (1, 124),
    (1, 137),
    (1, 144),
    (1, 157),
    (2, 6),
    (2, 15),
    (2, 26),
    (2, 35),
    (2, 46),
    (2, 55),
    (2, 66),
    (2, 75),
    (2, 86),
    (2, 95),
    (2, 106),
    (2, 115),
    (2, 126),
    (2, 135),
    (2, 146),
    (2, 155),
    (3, 9),
    (3, 12),
    (3, 29),
    (3, 32),
    (3, 49),
    (3, 52),
    (3, 69),
    (3, 72),
    (3, 89),
    (3, 92),
    (3, 109),
    (3, 112),
    (3, 129),
    (3, 132),
    (3, 149),
    (3, 152),
    (4, 5),
    (4, 16),
    (4, 25),
    (4, 36),
    (4, 45),
    (4, 56),
    (4, 65),
    (4, 76),
    (4, 85),
    (4, 96),
    (4, 105),
    (4, 116),
    (4, 125),
    (4, 136),
    (4, 145),
    (4, 156),
    (5, 3),
    (5, 18),
    (5, 23),
    (5, 38),
    (5, 43),
    (5, 58),
    (5, 63),
    (5, 78),
    (5, 83),
    (5, 98),
    (5, 103),
    (5, 118),
    (5, 123),
    (5, 138),
    (5, 143),
    (5, 158),
    (6, 10),
    (6, 11),
    (6, 30),
    (6, 31),
    (6, 50),
    (6, 51),
    (6, 70),
    (6, 71),
    (6, 90),
    (6, 91),
    (6, 110),
    (6, 111),
    (6, 130),
    (6, 131),
    (6, 150),
    (6, 151),
    (7, 2),
    (7, 19),
    (7, 22),
    (7, 39),
    (7, 42),
    (7, 59),
    (7, 62),
    (7, 79),
    (7, 82),
    (7, 99),
    (7, 102),
    (7, 119),
    (7, 122),
    (7, 139),
    (7, 142),
    (7, 159),
    (8, 1),
    (8, 20),
    (8, 21),
    (8, 40),
    (8, 41),
    (8, 60),
    (8, 61),
    (8, 80),
    (8, 81),
    (8, 100),
    (8, 101),
    (8, 120),
    (8, 121),
    (8, 140),
    (8, 160),
    (8, 162),
    (9, 8),
    (9, 13),
    (9, 28),
    (9, 33),
    (9, 48),
    (9, 53),
    (9, 68),
    (9, 73),
    (9, 88),
    (9, 93),
    (9, 108),
    (9, 113),
    (9, 128),
    (9, 133),
    (9, 148),
    (9, 153),
    (10, 7),
    (10, 14),
    (10, 27),
    (10, 34),
    (10, 47),
    (10, 54),
    (10, 67),
    (10, 74),
    (10, 87),
    (10, 94),
    (10, 107),
    (10, 114),
    (10, 127),
    (10, 134),
    (10, 147),
    (10, 154);

INSERT INTO 
    weekly_lineup (week, fantasy_team_id, qb, rb1, rb2, wr1, wr2, te, flex, dst, k)
VALUES
    (1, 1, 84, 4, 64, 17, 37, 44, 24, 124, 157),
    (1, 6, 91, 10, 31, 11, 30, 71, 50, 130, 150),
    (1, 2, 66, 6, 35, 15, 26, 55, 46, 106, 95),
    (1, 4, 25, 5, 36, 16, 45, 65, 56, 96, 125),
    (1, 3, 52, 9, 12, 49, 72, 92, 89, 132, 152),
    (1, 8, 60, 1, 20, 40, 41, 21, 61, 141, 160),
    (1, 5, 23, 3, 18, 43, 58, 38, 63, 103, 98),
    (1, 7, 82, 2, 39, 19, 42, 22, 59, 119, 159),
    (1, 9, 28, 13, 33, 8, 68, 53, 48, 108, 128),
    (1, 10, 47, 7, 74, 27, 34, 114, 54, 107, 127);

INSERT INTO
    matchup (week, home_team, away_team)
VALUES
    (1, 1, 6),
    (1, 5, 7),
    (1, 3, 8),
    (1, 4, 2),
    (1, 10, 9),
    (2, 3, 1),
    (2, 7, 4),
    (2, 5, 10),
    (2, 6, 2),
    (2, 8, 9);
    
INSERT INTO 
    player_performance (player_id, week, passing_yards, passing_tds, turnovers, rushing_yards, rushing_tds)
VALUES
    (84, 1, 450, 2, 1, -1, 0),
    (91, 1, 160, 2, 0, 0, 0),
    (23, 1, 275, 3, 0, 45, 0),
    (82, 1, 312, 2, 2, 57, 1),
    (52, 1, 322, 4, 0, 29, 0),
    (60, 1, 230, 1, 1, 91, 1),
    (25, 1, 211, 3, 0, 0, 0),
    (66, 1, 239, 2, 2, 9, 1),
    (47, 1, 253, 1, 1, 27, 1),
    (28, 1, 266, 1, 0, 30, 0),
    (136, 1, 155, 0, 0, 75, 2),
    (129, 1, 279, 2, 2, 22, 0),
    (137, 1, 229, 3, 0, 9, 0),
    (122, 1, 270, 2, 2, 2, 0),
    (126, 1, 364, 4, 0, 2, 0),
    (148, 1, 193, 0, 1, 46, 1),
    (131, 1, 297, 1, 1, 23, 0);
    
INSERT INTO 
    player_performance (player_id, week, rushing_yards, rushing_tds, receptions, receiving_yards, receiving_tds, turnovers)
VALUES
    (4, 1, 16, 1, 5, 51, 1, 0),
    (64, 1, 56, 0, 4, 95, 1, 0),
    (17, 1, 0, 0, 5, 46, 1, 0),
    (37, 1, 0, 0, 10, 81, 0, 0),
    (44, 1, 0, 0, 3, 18, 1, 0),
    (24, 1, 0, 0, 1, 2, 1, 0),
    (10, 1, 60, 0, 1, 6, 0, 0),
    (31, 1, 56, 1, 2, 1, 0, 0),
    (11, 1, 0, 0, 14, 151, 0, 0),
    (30, 1, 0, 0, 4, 54, 0, 0),
    (71, 1, 0, 0, 5, 80, 0, 0),
    (50, 1, 22, 0, 6, 67, 0, 0),
    (3, 1, 6, 0, 6, 60, 0, 0),
    (18, 1, 84, 0, 1, 3, 0, 0),
    (43, 1, -1, 0, 9, 130, 2, 0),
    (58, 1, 0, 0, 4, 37, 0, 0),
    (38, 1, 0, 0, 5, 58, 2, 0),
    (63, 1, 0, 0, 4, 95, 1, 0),
    (2, 1, 96, 1, 3, 31, 1, 0),
    (39, 1, 14, 0, 2, 32, 0, 0),
    (19, 1, 0, 0, 6, 79, 0, 0),
    (42, 1, 0, 0, 8, 92, 0, 0),
    (22, 1, 9, 0, 4, 44, 0, 0),
    (59, 1, 0, 0, 3, 25, 1, 0),
    (9, 1, 93, 3, 4, 46, 0, 0),
    (12, 1, 60, 1, 2, 5, 0, 0),
    (49, 1, 0, 0, 4, 40, 0, 0),
    (72, 1, 0, 0, 5, 101, 0, 0),
    (92, 1, 0, 0, 2, 11, 0, 0),
    (89, 1, 11, 0, 3, 56, 0, 0),
    (1, 1, 97, 2, 3, 38, 0, 0),
    (20, 1, 69, 0, 1, 2, 0, 1),
    (40, 1, -1, 0, 5, 74, 0, 0),
    (41, 1, 0, 0, 6, 69, 2, 0),
    (21, 1, 0, 0, 6, 60, 1, 0),
    (61, 1, 72, 0, 4, 9, 0, 0),
    (5, 1, 50, 2, 1, -2, 0, 0),
    (36, 1, 9, 0, 2, 8, 0, 0),
    (16, 1, 0, 0, 9, 157, 0, 0),
    (45, 1, 0, 0, 5, 61, 0, 0),
    (65, 1, 0, 0, 3, 40, 0, 0),
    (56, 1, 30, 0, 5, 23, 0, 0),
    (6, 1, 116, 0, 3, 15, 0, 0),
    (35, 1, 77, 1, 3, 32, 0, 0),
    (15, 1, 0, 0, 14, 156, 2, 0),
    (26, 1, 0, 0, 6, 110, 2, 0),
    (55, 1, 0, 0, 2, 9, 0, 0),
    (46, 1, 14, 0, 6, 105, 0, 0),
    (7, 1, 138, 1, 0, 0, 0, 0),
    (54, 1, 0, 0, 4, 53, 0, 0),
    (27, 1, 0, 0, 3, 22, 0, 0),
    (34, 1, 0, 0, 5, 39, 0, 0),
    (114, 1, 0, 0, 3, 30, 0, 0),
    (74, 1, 36, 0, 2, 8, 0, 0),
    (13, 1, 66, 1, 4, 10, 0, 0),
    (8, 1, 0, 0, 3, 17, 0, 0),
    (33, 1, 21, 0, 6, 45, 2, 0),
    (48, 1, 78, 1, 3, 8, 0, 1),
    (68, 1, 0, 0, 4, 47, 0, 0),
    (53, 1, 0, 0, 6, 45, 0, 0);
    
INSERT INTO
    player_performance (player_id, week, sacks, turnovers_created, yards_allowed, points_allowed)
VALUES
    (124, 1, 4, 0, 200, 27),
    (130, 1, 3, 3, 300, 23),
    (103, 1, 1, 3, 200, 11),
    (119, 1, 0, 0, 500, 41),
    (132, 1, 1, 1, 400, 23),
    (162, 1, 3, 0, 200, 27),
    (96, 1, 3, 2, 200, 16),
    (106, 1, 2, 3, 300, 6),
    (107, 1, 3, 2, 200, 17),
    (108, 1, 2, 1, 400, 24);

INSERT INTO
    player_performance (player_id, week, field_goals, missed_field_goals, extra_points)
VALUES
    (157, 1, 1, 2, 3),
    (150, 1, 1, 1, 2),
    (98, 1, 2, 0, 4),
    (159, 1, 2, 0, 2),
    (152, 1, 0, 1, 2),
    (160, 1, 2, 0, 2),
    (125, 1, 1, 0, 5),
    (95, 1, 2, 0, 4),
    (127, 1, 1, 1, 2),
    (128, 1, 3, 1, 2);
